{
    "loss": 0.33048421144485474,
    "accuracy": 0.9932088255882263
}